D101,Malicious
D102,Warning
D103,Malicious
D104,Warning
D105,Warning
D106,Malicious
D107,Warning
D108,Warning
D109,Warning
D110,Malicious
D111,Malicious
D112,Malicious
D113,Warning
D114,Malicious
D115,Malicious
D116,Warning
D117,Warning
D118,Malicious
D119,Malicious
D120,Malicious
D121,Malicious
D122,Malicious
D123,Malicious
D124,Warning
D125,Warning
D126,Malicious
D127,Warning
D128,Warning
D129,Malicious
D130,Warning
D131,Warning
D132,Warning
D133,Malicious
D134,Malicious
D135,Malicious
D136,Warning
D137,Malicious
D138,Malicious
D139,Warning
D140,Warning
D141,Malicious
D142,Malicious
D143,Malicious
D144,Malicious
D145,Malicious
D146,Warning
D147,Malicious
D148,Warning
D149,Warning
D150,Malicious